{
  "export_id": "priority_openai_fine_tuning_1",
  "version": "v1.0",
  "format": "openai_fine_tuning",
  "access_tier": "priority",
  "total_conversations": 1,
  "quality_threshold": 0.7,
  "export_timestamp": "2025-08-27T18:01:37.837870",
  "file_paths": [
    "production_exports/v1.0/priority/conversations.jsonl"
  ],
  "checksums": {
    "production_exports/v1.0/priority/conversations.jsonl": "ebe60c0cb6ddd2fbc1d8c05a81f2521312edbe7529757008a5168fc1f42eb87a"
  },
  "statistics": {
    "total_conversations": 1,
    "total_turns": 2,
    "average_turns_per_conversation": 2.0,
    "quality_statistics": {
      "average": 0.98,
      "minimum": 0.98,
      "maximum": 0.98
    },
    "source_distribution": {
      "priority": 1
    },
    "condition_distribution": {
      "anxiety": 1
    }
  }
}