{
  "export_id": "archive_jsonl_1",
  "version": "v1.0",
  "format": "jsonl",
  "access_tier": "archive",
  "total_conversations": 2,
  "quality_threshold": 0.7,
  "export_timestamp": "2025-08-27T18:01:38.004815",
  "file_paths": [
    "production_exports/v1.0/archive/conversations.jsonl"
  ],
  "checksums": {
    "production_exports/v1.0/archive/conversations.jsonl": "bb279aa4c7311da581652ddb9b74b6ba829c846add057786aa47faac25799c01"
  },
  "statistics": {
    "total_conversations": 2,
    "total_turns": 4,
    "average_turns_per_conversation": 2.0,
    "quality_statistics": {
      "average": 0.865,
      "minimum": 0.75,
      "maximum": 0.98
    },
    "source_distribution": {
      "priority": 1,
      "reddit": 1
    },
    "condition_distribution": {
      "anxiety": 1,
      "depression": 1
    }
  }
}