{
  "export_id": "priority_huggingface_1",
  "version": "v1.0",
  "format": "huggingface",
  "access_tier": "priority",
  "total_conversations": 1,
  "quality_threshold": 0.7,
  "export_timestamp": "2025-08-27T18:01:37.827755",
  "file_paths": [
    "production_exports/v1.0/priority/dataset/dataset_info.json",
    "production_exports/v1.0/priority/dataset/data-00000-of-00001.arrow",
    "production_exports/v1.0/priority/dataset/state.json"
  ],
  "checksums": {
    "production_exports/v1.0/priority/dataset/dataset_info.json": "8d66a0a9d54a7935f47ebd7b33a7eae4b706d77b7fa93971c88cd7817b8bb91b",
    "production_exports/v1.0/priority/dataset/data-00000-of-00001.arrow": "a6eb7fa43b6f8752260c7d3265ec949d956307d68644d5be71ca98d1116417c3",
    "production_exports/v1.0/priority/dataset/state.json": "7df4c4c736420ee8cd633d909e79c3daecf7c5b7bf309d17c2f496239d95f3bd"
  },
  "statistics": {
    "total_conversations": 1,
    "total_turns": 2,
    "average_turns_per_conversation": 2.0,
    "quality_statistics": {
      "average": 0.98,
      "minimum": 0.98,
      "maximum": 0.98
    },
    "source_distribution": {
      "priority": 1
    },
    "condition_distribution": {
      "anxiety": 1
    }
  }
}