{
  "export_id": "priority_csv_1",
  "version": "v1.0",
  "format": "csv",
  "access_tier": "priority",
  "total_conversations": 1,
  "quality_threshold": 0.7,
  "export_timestamp": "2025-08-27T18:01:35.860764",
  "file_paths": [
    "production_exports/v1.0/priority/conversations.csv"
  ],
  "checksums": {
    "production_exports/v1.0/priority/conversations.csv": "cf67be9a942214a14d6d113dd10e84a553d315b840ea973c6bac080c0c544562"
  },
  "statistics": {
    "total_conversations": 1,
    "total_turns": 2,
    "average_turns_per_conversation": 2.0,
    "quality_statistics": {
      "average": 0.98,
      "minimum": 0.98,
      "maximum": 0.98
    },
    "source_distribution": {
      "priority": 1
    },
    "condition_distribution": {
      "anxiety": 1
    }
  }
}