{
  "citation": "",
  "description": "",
  "features": {
    "id": {
      "dtype": "string",
      "_type": "Value"
    },
    "text": {
      "dtype": "string",
      "_type": "Value"
    },
    "turns": {
      "feature": {
        "speaker": {
          "dtype": "string",
          "_type": "Value"
        },
        "text": {
          "dtype": "string",
          "_type": "Value"
        }
      },
      "_type": "List"
    },
    "metadata": {
      "approach": {
        "dtype": "string",
        "_type": "Value"
      },
      "condition": {
        "dtype": "string",
        "_type": "Value"
      },
      "quality_score": {
        "dtype": "float64",
        "_type": "Value"
      },
      "source": {
        "dtype": "string",
        "_type": "Value"
      },
      "timestamp": {
        "dtype": "string",
        "_type": "Value"
      }
    },
    "quality_score": {
      "dtype": "float64",
      "_type": "Value"
    }
  },
  "homepage": "",
  "license": ""
}