{
  "export_id": "priority_jsonl_1",
  "version": "v1.0",
  "format": "jsonl",
  "access_tier": "priority",
  "total_conversations": 1,
  "quality_threshold": 0.7,
  "export_timestamp": "2025-08-27T18:01:37.834495",
  "file_paths": [
    "production_exports/v1.0/priority/conversations.jsonl"
  ],
  "checksums": {
    "production_exports/v1.0/priority/conversations.jsonl": "3c6d77aa768dcd9036552a3bbd71bb44adc36fc48fb2321f8e00b4ce2bf96a51"
  },
  "statistics": {
    "total_conversations": 1,
    "total_turns": 2,
    "average_turns_per_conversation": 2.0,
    "quality_statistics": {
      "average": 0.98,
      "minimum": 0.98,
      "maximum": 0.98
    },
    "source_distribution": {
      "priority": 1
    },
    "condition_distribution": {
      "anxiety": 1
    }
  }
}