{
  "export_id": "priority_parquet_1",
  "version": "v1.0",
  "format": "parquet",
  "access_tier": "priority",
  "total_conversations": 1,
  "quality_threshold": 0.7,
  "export_timestamp": "2025-08-27T18:01:36.779223",
  "file_paths": [
    "production_exports/v1.0/priority/conversations.parquet"
  ],
  "checksums": {
    "production_exports/v1.0/priority/conversations.parquet": "59c949ed0d0126e713082652b1deaa993c5bcc8ed43d183ad271084af595e657"
  },
  "statistics": {
    "total_conversations": 1,
    "total_turns": 2,
    "average_turns_per_conversation": 2.0,
    "quality_statistics": {
      "average": 0.98,
      "minimum": 0.98,
      "maximum": 0.98
    },
    "source_distribution": {
      "priority": 1
    },
    "condition_distribution": {
      "anxiety": 1
    }
  }
}