{
  "export_id": "archive_openai_fine_tuning_1",
  "version": "v1.0",
  "format": "openai_fine_tuning",
  "access_tier": "archive",
  "total_conversations": 2,
  "quality_threshold": 0.7,
  "export_timestamp": "2025-08-27T18:01:38.013709",
  "file_paths": [
    "production_exports/v1.0/archive/conversations.jsonl"
  ],
  "checksums": {
    "production_exports/v1.0/archive/conversations.jsonl": "91f9ecbeee04f85dca3332c4f68c23c1bcc633421add8b8cb6cc28efc9faa68d"
  },
  "statistics": {
    "total_conversations": 2,
    "total_turns": 4,
    "average_turns_per_conversation": 2.0,
    "quality_statistics": {
      "average": 0.865,
      "minimum": 0.75,
      "maximum": 0.98
    },
    "source_distribution": {
      "priority": 1,
      "reddit": 1
    },
    "condition_distribution": {
      "anxiety": 1,
      "depression": 1
    }
  }
}