{
  "export_id": "archive_parquet_1",
  "version": "v1.0",
  "format": "parquet",
  "access_tier": "archive",
  "total_conversations": 2,
  "quality_threshold": 0.7,
  "export_timestamp": "2025-08-27T18:01:37.945902",
  "file_paths": [
    "production_exports/v1.0/archive/conversations.parquet"
  ],
  "checksums": {
    "production_exports/v1.0/archive/conversations.parquet": "d60549225e6462f20b1f19ba067fbd7e377ce83f4e4b1172bec207b34a4b3175"
  },
  "statistics": {
    "total_conversations": 2,
    "total_turns": 4,
    "average_turns_per_conversation": 2.0,
    "quality_statistics": {
      "average": 0.865,
      "minimum": 0.75,
      "maximum": 0.98
    },
    "source_distribution": {
      "priority": 1,
      "reddit": 1
    },
    "condition_distribution": {
      "anxiety": 1,
      "depression": 1
    }
  }
}