{
  "export_id": "archive_huggingface_1",
  "version": "v1.0",
  "format": "huggingface",
  "access_tier": "archive",
  "total_conversations": 2,
  "quality_threshold": 0.7,
  "export_timestamp": "2025-08-27T18:01:37.996091",
  "file_paths": [
    "production_exports/v1.0/archive/dataset/dataset_info.json",
    "production_exports/v1.0/archive/dataset/data-00000-of-00001.arrow",
    "production_exports/v1.0/archive/dataset/state.json"
  ],
  "checksums": {
    "production_exports/v1.0/archive/dataset/dataset_info.json": "8d66a0a9d54a7935f47ebd7b33a7eae4b706d77b7fa93971c88cd7817b8bb91b",
    "production_exports/v1.0/archive/dataset/data-00000-of-00001.arrow": "20f8f6858baafbfe4878df61d8b64047076d77c660a5a7e7e1d741de28045ed9",
    "production_exports/v1.0/archive/dataset/state.json": "4f7762bb185b2ed87948f8a44dabdf0f6a37159740e91eafb3bada88febae340"
  },
  "statistics": {
    "total_conversations": 2,
    "total_turns": 4,
    "average_turns_per_conversation": 2.0,
    "quality_statistics": {
      "average": 0.865,
      "minimum": 0.75,
      "maximum": 0.98
    },
    "source_distribution": {
      "priority": 1,
      "reddit": 1
    },
    "condition_distribution": {
      "anxiety": 1,
      "depression": 1
    }
  }
}